[
{
"name":"Jab We Separated",
"languages":"Hindi",
"banner_image":"https://in.bmscdn.com/discovery-catalog/events/tr:w-400,h-600,bg-CCCCCC:w-400.0,h-660.0,cm-pad_resize,bg-000000,fo-top:ote-U2F0LCAyMCBNYXIgb253YXJkcw%3D%3D,ots-29,otc-FFFFFF,oy-612,ox-24/et00123865-hxplnchtxe-portrait.jpg"
},
{
"name":"Wrong Number",
"languages":"Hindi",
"banner_image":"https://in.bmscdn.com/discovery-catalog/events/tr:w-400,h-600,bg-CCCCCC:w-400.0,h-660.0,cm-pad_resize,bg-000000,fo-top:ote-U2F0LCAyMCBNYXIgb253YXJkcw%3D%3D,ots-29,otc-FFFFFF,oy-612,ox-24/et00307624-jjslufmhcu-portrait.jpg"
},
{
"name":"Poetry Storytelling aur Chai",
"languages":"Hindi/Urdu",
"banner_image":"https://in.bmscdn.com/discovery-catalog/events/tr:w-400,h-600,bg-CCCCCC:w-400.0,h-660.0,cm-pad_resize,bg-000000,fo-top:ote-U2F0LCAxMyBNYXIgb253YXJkcw%3D%3D,ots-29,otc-FFFFFF,oy-612,ox-24/et00305723-swnhbbffhj-portrait.jpg"
},
{
"name":"Akbar The Great Nahi Rahe",
"languages":"English/Hindi",
"banner_image":"https://in.bmscdn.com/discovery-catalog/events/tr:w-400,h-600,bg-CCCCCC:w-400.0,h-660.0,cm-pad_resize,bg-000000,fo-top:ote-U3VuLCAxNCBNYXI%3D,ots-29,otc-FFFFFF,oy-612,ox-24/et00307489-zhzyqesujd-portrait.jpg"
},
{
"name":"Sharafat Chode Di Maine",
"languages":"Hindi",
"banner_image":"https://in.bmscdn.com/discovery-catalog/events/tr:w-400,h-600,bg-CCCCCC:w-400.0,h-660.0,cm-pad_resize,bg-000000,fo-top:ote-U3VuLCAxNCBNYXI%3D,ots-29,otc-FFFFFF,oy-612,ox-24/et00307894-vmmajurdeg-portrait.jpg"
},
{
"name":"Amrita",
"languages":"Hindi",
"banner_image":"https://in.bmscdn.com/discovery-catalog/events/tr:w-400,h-600,bg-CCCCCC:w-400.0,h-660.0,cm-pad_resize,bg-000000,fo-top:ote-U2F0LCAxMyBNYXI%3D,ots-29,otc-FFFFFF,oy-612,ox-24/et00307008-clbzmabwyr-portrait.jpg"
},
{
"name":"When Land Becomes Water",
"languages":"English",
"banner_image":"https://in.bmscdn.com/discovery-catalog/events/tr:w-400,h-600,bg-CCCCCC:w-400.0,h-660.0,cm-pad_resize,bg-000000,fo-top:ote-U3VuLCAyMSBNYXI%3D,ots-29,otc-FFFFFF,oy-612,ox-24:oi-discovery-catalog@@icons@@le-social-distancing-202011110401.png,ox-15,oy-15,ow-50/et00307719-esmxuhslca-portrait.jpg"
},
{
"name":"Noor",
"languages":"English",
"banner_image":"https://in.bmscdn.com/discovery-catalog/events/tr:w-400,h-600,bg-CCCCCC:w-400.0,h-660.0,cm-pad_resize,bg-000000,fo-top:ote-U2F0LCAyNyBNYXI%3D,ots-29,otc-FFFFFF,oy-612,ox-24:oi-discovery-catalog@@icons@@le-social-distancing-202011110401.png,ox-15,oy-15,ow-50/et00307104-zhgelcbmxk-portrait.jpg"
},
{
"name":"12 Angry Men",
"languages":"English",
"banner_image":"https://in.bmscdn.com/discovery-catalog/events/tr:w-400,h-600,bg-CCCCCC:w-400.0,h-660.0,cm-pad_resize,bg-000000,fo-top:ote-RnJpLCAyNiBNYXIgb253YXJkcw%3D%3D,ots-29,otc-FFFFFF,oy-612,ox-24/et00307762-emzgpvgthx-portrait.jpg"
},
{
"name":"Tansen",
"languages":"Hindi",
"banner_image":"https://in.bmscdn.com/discovery-catalog/events/tr:w-400,h-600,bg-CCCCCC:w-400.0,h-660.0,cm-pad_resize,bg-000000,fo-top:ote-VGh1LCAxOCBNYXIgb253YXJkcw%3D%3D,ots-29,otc-FFFFFF,oy-612,ox-24/et00307219-tvuwfdwdbj-portrait.jpg"
}
]