[
{
"name":"Bas Kar Bassi Ft Anubhav Singh Bassi",
"location":"Airia Mall: Gurugram",
"banner_image":"https://in.bmscdn.com/discovery-catalog/events/tr:w-400,h-600,bg-CCCCCC:w-400.0,h-660.0,cm-pad_resize,bg-000000,fo-top:ote-U3VuLCAyMSBNYXI%3D,ots-29,otc-FFFFFF,oy-612,ox-24/et00307513-thxuwbvakl-portrait.jpg"
},
{
"name":"Jo Bolta Hai Wohi Hota Hai feat Harsh Gujral",
"location":"MIC Drop: Delhi",
"banner_image":"https://in.bmscdn.com/discovery-catalog/events/tr:w-400,h-600,bg-CCCCCC:w-400.0,h-660.0,cm-pad_resize,bg-000000,fo-top:ote-TW9uLCAxNSBNYXIgb253YXJkcw%3D%3D,ots-29,otc-FFFFFF,oy-612,ox-24/et00145294-zemktfxrxa-portrait.jpg"
},
{
"name":"Market Down Hai - Stand-up comedy by Gaurav Gupta",
"location":"The Central Club of Comedy: Gurugram",
"banner_image":"https://in.bmscdn.com/discovery-catalog/events/tr:w-400,h-600,bg-CCCCCC:w-400.0,h-660.0,cm-pad_resize,bg-000000,fo-top:ote-VGh1LCA4IEFwcg%3D%3D,ots-29,otc-FFFFFF,oy-612,ox-24/et00306920-utyepwtscm-portrait.jpg"
},
{
"name":"Punchliners Comedy Show ft Daniel Fernandes",
"location":"Locale Cafe and Bar: Delhi",
"banner_image":"https://in.bmscdn.com/discovery-catalog/events/tr:w-400,h-600,bg-CCCCCC:w-400.0,h-660.0,cm-pad_resize,bg-000000,fo-top:ote-U2F0LCAxMyBNYXIgb253YXJkcw%3D%3D,ots-29,otc-FFFFFF,oy-612,ox-24/et00307178-hnyxrtkclz-portrait.jpg"
},
{
"name":"Small Rooms - Standup by Gaurav Kapoor",
"location":"The Central Club of Comedy: Delhi",
"banner_image":"https://in.bmscdn.com/discovery-catalog/events/tr:w-400,h-600,bg-CCCCCC:w-400.0,h-660.0,cm-pad_resize,bg-000000,fo-top:ote-V2VkLCAxMCBNYXIgb253YXJkcw%3D%3D,ots-29,otc-FFFFFF,oy-612,ox-24/et00307313-kybskfhvtf-portrait.jpg"
},
{
"name":"Sunil Grover Live",
"location":"Airia Mall: Gurugram",
"banner_image":"https://in.bmscdn.com/discovery-catalog/events/tr:w-400,h-600,bg-CCCCCC:w-400.0,h-660.0,cm-pad_resize,bg-000000,fo-top:ote-U2F0LCAzIEFwcg%3D%3D,ots-29,otc-FFFFFF,oy-612,ox-24/et00306864-srtvshvjdp-portrait.jpg"
},
{
"name":"Laughathon - 3.0 Ft Karan Singh Magic",
"location":"Select City Walk: Delhi",
"banner_image":"https://in.bmscdn.com/discovery-catalog/events/tr:w-400,h-600,bg-CCCCCC:w-400.0,h-660.0,cm-pad_resize,bg-000000,fo-top:ote-U2F0LCAyMCBNYXI%3D,ots-29,otc-FFFFFF,oy-612,ox-24/et00307536-uyezhypumt-portrait.jpg"
},
{
"name":"Uncommon Sense by Jeeveshu Ahluwalia",
"location":"Airia Mall: Gurugram",
"banner_image":"https://in.bmscdn.com/discovery-catalog/events/tr:w-400,h-600,bg-CCCCCC:w-400.0,h-660.0,cm-pad_resize,bg-000000,fo-top:ote-RnJpLCAxOSBNYXI%3D,ots-29,otc-FFFFFF,oy-612,ox-24/et00305982-yzdalbxccp-portrait.jpg"
},
{
"name":"Gaurav Kapoor Live - Standup comedy show",
"location":"The Central Club of Comedy: Delhi",
"banner_image":"https://in.bmscdn.com/discovery-catalog/events/tr:w-400,h-600,bg-CCCCCC:w-400.0,h-660.0,cm-pad_resize,bg-000000,fo-top:ote-U3VuLCAxNCBNYXI%3D,ots-29,otc-FFFFFF,oy-612,ox-24/et00306907-fclbmdztfc-portrait.jpg"
},
{
"name":"Roasted and Served ft Jeeveshu Ahluwalia",
"location":"WelcomHotel Dwarka: Delhi",
"banner_image":"https://in.bmscdn.com/discovery-catalog/events/tr:w-400,h-600,bg-CCCCCC:w-400.0,h-660.0,cm-pad_resize,bg-000000,fo-top:ote-U2F0LCAyMCBNYXI%3D,ots-29,otc-FFFFFF,oy-612,ox-24/et00306921-yufhkmmxyp-portrait.jpg"
}
]