 [
  {
   "name": "Musical Fountain Laser Light & Sound Show",
   "location": "Medicine Park: Noida",
   "banner_image": "https://in.bmscdn.com/discovery-catalog/events/tr:w-400,h-600,bg-CCCCCC:w-400.0,h-660.0,cm-pad_resize,bg-000000,fo-top:ote-V2VkLCAxMCBNYXIgb253YXJkcw%3D%3D,ots-29,otc-FFFFFF,oy-612,ox-24/et00305820-lrbeebzaae-portrait.jpg"
  },
  {
   "name": "Paramotor Air Safari",
   "location": "Rush to Fly (Sohna): Gurugram",
   "banner_image": "https://in.bmscdn.com/discovery-catalog/events/tr:w-400,h-600,bg-CCCCCC:w-400.0,h-660.0,cm-pad_resize,bg-000000,fo-top:ote-V2VkLCAxMCBNYXIgb253YXJkcw%3D%3D,ots-29,otc-FFFFFF,oy-612,ox-24/et00133583-bncjjvmeca-portrait.jpg"
  },
  {
   "name": "Right here Right Now - Improv Comedy",
   "location": "The Piano Man Jazz Club: Delhi",
   "banner_image": "https://in.bmscdn.com/discovery-catalog/events/tr:w-400,h-600,bg-CCCCCC:w-400.0,h-660.0,cm-pad_resize,bg-000000,fo-top:ote-U2F0LCAxMyBNYXI%3D,ots-29,otc-FFFFFF,oy-612,ox-24/et00304336-yerrddgfmh-portrait.jpg"
  },
  {
   "name": "Nehru Planetarium, Delhi",
   "location": "Nehru Planetarium: New Delhi",
   "banner_image": "https://in.bmscdn.com/discovery-catalog/events/tr:w-400,h-600,bg-CCCCCC:w-400.0,h-660.0,cm-pad_resize,bg-000000,fo-top:ote-V2VkLCAxMCBNYXIgb253YXJkcw%3D%3D,ots-29,otc-FFFFFF,oy-612,ox-24/et00138467-pyqrqudags-portrait.jpg"
  },
  {
   "name": "Vegan Butter Chicken: A Stand-Up Comedy Show",
   "location": "Fur Ball Story: Gurugram",
   "banner_image": "https://in.bmscdn.com/discovery-catalog/events/tr:w-400,h-600,bg-CCCCCC:w-400.0,h-660.0,cm-pad_resize,bg-000000,fo-top:ote-U2F0LCAxMyBNYXI%3D,ots-29,otc-FFFFFF,oy-612,ox-24/et00307840-mupakbqcaw-portrait.jpg"
  },
  {
   "name": "100% FUNNY ft. Swati Sachdeva & Mohit Morani",
   "location": "Imperfecto Hauz Khas : New Delhi",
   "banner_image": "https://in.bmscdn.com/discovery-catalog/events/tr:w-400,h-600,bg-CCCCCC:w-400.0,h-660.0,cm-pad_resize,bg-000000,fo-top:ote-U3VuLCAxNCBNYXI%3D,ots-29,otc-FFFFFF,oy-612,ox-24/et00307372-plyjwtltyc-portrait.jpg"
  },
  {
   "name": "Singrauli Files",
   "location": "Akshara Theatre: Delhi",
   "banner_image": "https://in.bmscdn.com/discovery-catalog/events/tr:w-400,h-600,bg-CCCCCC:w-400.0,h-660.0,cm-pad_resize,bg-000000,fo-top:ote-U2F0LCAxMyBNYXI%3D,ots-29,otc-FFFFFF,oy-612,ox-24/et00307022-ekzvfmdukq-portrait.jpg"
  },
  {
   "name": "Excuse Me Brother-A Standup Solo by Aakash Gupta",
   "location": "Epicentre: Gurgaon",
   "banner_image": "https://in.bmscdn.com/discovery-catalog/events/tr:w-400,h-600,bg-CCCCCC:w-400.0,h-660.0,cm-pad_resize,bg-000000,fo-top:ote-VGh1LCAxMSBNYXIgb253YXJkcw%3D%3D,ots-29,otc-FFFFFF,oy-612,ox-24/et00307132-kryzjakdnj-portrait.jpg"
  },
  {
   "name": "Madhavgarh Farms, Gurgaon",
   "location": "MadhavGarh Farms: Gurugram",
   "banner_image": "https://in.bmscdn.com/discovery-catalog/events/tr:w-400,h-600,bg-CCCCCC:w-400.0,h-660.0,cm-pad_resize,bg-000000,fo-top:ote-V2VkLCAxMCBNYXIgb253YXJkcw%3D%3D,ots-29,otc-FFFFFF,oy-612,ox-24/et00107207-rplzajpwec-portrait.jpg"
  },
  {
   "name": "Drive-In Cinema - Hollywood Weekend",
   "location": "Pacific D21 Mall: Dwarka",
   "banner_image": "https://in.bmscdn.com/discovery-catalog/events/tr:w-400,h-600,bg-CCCCCC:w-400.0,h-660.0,cm-pad_resize,bg-000000,fo-top:ote-U2F0LCAxMyBNYXIgb253YXJkcw%3D%3D,ots-29,otc-FFFFFF,oy-612,ox-24/et00307913-sjngvjpgas-portrait.jpg"
  }
 ]