[
{
"name":"Sunburn Holi Weekend 2021 ft Vini Vici- Delhi",
"location":"DLF Avenue Saket: Delhi",
"banner_image":"https://in.bmscdn.com/discovery-catalog/events/tr:w-400,h-600,bg-CCCCCC:w-400.0,h-660.0,cm-pad_resize,bg-000000,fo-top:ote-RnJpLCAyNiBNYXI%3D,ots-29,otc-FFFFFF,oy-612,ox-24/et00307727-jmxsllzdlm-portrait.jpg"
},
{
"name":"Soho X Eventmachine Presents Deborah De Luca",
"location":"Soho Club: Delhi",
"banner_image":"https://in.bmscdn.com/discovery-catalog/events/tr:w-400,h-600,bg-CCCCCC:w-400.0,h-660.0,cm-pad_resize,bg-000000,fo-top:ote-VGh1LCAxMSBNYXI%3D,ots-29,otc-FFFFFF,oy-612,ox-24/et00307421-xpzsmcvtkz-portrait.jpg"
},
{
"name":"Biggest Friday Ft . Yo Yo Honey Singh",
"location":"Studio XO Bar: Gurgaon",
"banner_image":"https://in.bmscdn.com/discovery-catalog/events/tr:w-400,h-600,bg-CCCCCC:w-400.0,h-660.0,cm-pad_resize,bg-000000,fo-top:ote-RnJpLCAxMiBNYXI%3D,ots-29,otc-FFFFFF,oy-612,ox-24/et00307704-mctvtubnxp-portrait.jpg"
},
{
"name":"Sab Scam Hai - Standup by Gaurav Kapoor",
"location":"Catalyst Gastrobar: Faridabad",
"banner_image":"https://in.bmscdn.com/discovery-catalog/events/tr:w-400,h-600,bg-CCCCCC:w-400.0,h-660.0,cm-pad_resize,bg-000000,fo-top:ote-RnJpLCAxMiBNYXI%3D,ots-29,otc-FFFFFF,oy-612,ox-24/et00303356-jvkdlfjjur-portrait.jpg"
},
{
"name":"Gaurav Kapoor Live",
"location":"Airia Mall: Gurugram",
"banner_image":"https://in.bmscdn.com/discovery-catalog/events/tr:w-400,h-600,bg-CCCCCC:w-400.0,h-660.0,cm-pad_resize,bg-000000,fo-top:ote-U3VuLCAxNCBNYXI%3D,ots-29,otc-FFFFFF,oy-612,ox-24/et00306585-dgnxuvxetz-portrait.jpg"
},
{
"name":"Market Down Hai By Gaurav Gupta",
"location":"Auro Kitchen and Bar: New Delhi",
"banner_image":"https://in.bmscdn.com/discovery-catalog/events/tr:w-400,h-600,bg-CCCCCC:w-400.0,h-660.0,cm-pad_resize,bg-000000,fo-top:ote-TW9uLCAxNSBNYXI%3D,ots-29,otc-FFFFFF,oy-612,ox-24/et00306294-jvebnluqzb-portrait.jpg"
},
{
"name":"The Next Big Thing - Standup Comedy open mic",
"location":"The Central Club of Comedy: Delhi",
"banner_image":"https://in.bmscdn.com/discovery-catalog/events/tr:w-400,h-600,bg-CCCCCC:w-400.0,h-660.0,cm-pad_resize,bg-000000,fo-top:ote-VGh1LCAxMSBNYXIgb253YXJkcw%3D%3D,ots-29,otc-FFFFFF,oy-612,ox-24/et00307227-pxcqblvrzl-portrait.jpg"
},
{
"name":"Good Joke Bad Timing",
"location":"The Central Club of Comedy: Delhi",
"banner_image":"https://in.bmscdn.com/discovery-catalog/events/tr:w-400,h-600,bg-CCCCCC:w-400.0,h-660.0,cm-pad_resize,bg-000000,fo-top:ote-U3VuLCAxNCBNYXIgb253YXJkcw%3D%3D,ots-29,otc-FFFFFF,oy-612,ox-24/et00145293-gecywuzdan-portrait.jpg"
},
{
"name":"Good Joke Bad Timing by Raunaq Rajani",
"location":"The Piano Man Jazz Club: Delhi",
"banner_image":"https://in.bmscdn.com/discovery-catalog/events/tr:w-400,h-600,bg-CCCCCC:w-400.0,h-660.0,cm-pad_resize,bg-000000,fo-top:ote-U3VuLCAxNCBNYXI%3D,ots-29,otc-FFFFFF,oy-612,ox-24/et00307279-ttpgflknfu-portrait.jpg"
},
{
"name":"Masala Sandwich",
"location":"Orana Downtown: Gurgaon",
"banner_image":"https://in.bmscdn.com/discovery-catalog/events/tr:w-400,h-600,bg-CCCCCC:w-400.0,h-660.0,cm-pad_resize,bg-000000,fo-top:ote-U2F0LCAzIEFwcg%3D%3D,ots-29,otc-FFFFFF,oy-612,ox-24/et00305831-ejrhqbuqdn-portrait.jpg"
}
]